Id,Creation Time,T5_query_rewriter,data_usage_type,ndcg3_sum,bleu_sum,rouge_sum,run_type,bleu_1,bleu_2,bleu_3,bleu_4,bleu_5,bleu_6,bleu_7,bleu_8,bleu_9,bleu_10,bleu_11,bleu_12,ndcg_1,ndcg_2,ndcg_3,ndcg_4,ndcg_5,ndcg_6,ndcg_7,ndcg_8,ndcg_9,ndcg_10,ndcg_11,ndcg_12,rouge_1,rouge_2,rouge_3,rouge_4,rouge_5,rouge_6,rouge_7,rouge_8,rouge_9,rouge_10,rouge_11,rouge_12
QUER1-188,2022-12-25 12:38:50,base,all_paragraphs_combined_then_summarized_scaling_by_3_to_10_rewriting,0.25445326342627,51.47,77.65,canonical,89.59,49.51,42.58,45.82,45.54,50.27,45.21,48.96,35.09,46.77,34.33,43.67,0.3747944436331389,0.28509023929468547,0.3792289814769908,0.20765383478002278,0.189207830639417,0.26535426272484486,0.19892038714869864,0.20210444248693585,0.16748293889317784,0.20908428758042477,0.13947147282556482,0.0,97.99,78.55,72.60,78.68,75.91,76.60,72.85,76.36,62.53,76.14,69.47,83.09
QUER1-187,2022-12-25 10:23:07,base,all_paragraphs_combined_then_summarized_scaling_by_3_to_10_rewriting,0.23779786234836245,50.05,77.27,automatic,89.59,45.75,38.99,44.02,47.14,51.44,43.71,49.23,33.06,40.35,30.26,66.90,0.3747944436331389,0.2829591624172834,0.322544651106924,0.16271943096998284,0.20933541542091938,0.2289674352008378,0.2072335703686492,0.16057818722658893,0.18266007096537962,0.24973304683880215,0.0,0.0,97.99,78.53,71.92,74.61,76.12,76.28,71.17,77.88,63.99,79.30,67.45,95.10
QUER1-186,2022-12-25 08:03:42,personal,all_paragraphs_combined_then_summarized_scaling_by_3_to_10_rewriting,0.2200277149960653,48.64,75.64,canonical,89.59,45.09,40.39,39.96,50.69,45.77,40.54,45.10,40.20,46.77,37.80,66.90,0.3747944436331389,0.2606632889136955,0.28833129841025884,0.12631159335336373,0.18663723356357445,0.18255056645685486,0.21352835344024035,0.19913804403481972,0.1398780850058924,0.18987958824786708,0.0,0.0,97.99,79.55,72.87,72.04,74.56,71.66,71.53,68.31,65.50,74.99,81.86,95.10
QUER1-185,2022-12-25 05:49:18,personal,all_paragraphs_combined_then_summarized_scaling_by_3_to_10_rewriting,0.2417352394463323,48.34,75.85,automatic,89.59,42.40,42.06,37.00,49.20,48.15,43.44,45.39,35.11,38.49,37.80,66.90,0.3747944436331389,0.2385181142438036,0.33436964366067395,0.1546996467678186,0.26083368963900355,0.2338837584339332,0.23195216711936043,0.1645204660887201,0.18390233648437385,0.2103339468813772,0.0,0.0,97.99,77.07,74.22,72.57,75.97,70.41,74.05,69.33,62.32,75.80,81.86,95.10
QUER1-184,2022-12-25 03:33:26,base,all_paragraphs_combined_then_summarized_scaling_by_2_to_5_rewriting,0.25445326342627,51.47,77.65,canonical,89.59,49.51,42.58,45.82,45.54,50.27,45.21,48.96,35.09,46.77,34.33,43.67,0.3747944436331389,0.28509023929468547,0.3792289814769908,0.20765383478002278,0.189207830639417,0.26535426272484486,0.19892038714869864,0.20210444248693585,0.16748293889317784,0.20908428758042477,0.13947147282556482,0.0,97.99,78.55,72.60,78.68,75.91,76.60,72.85,76.36,62.53,76.14,69.47,83.09
QUER1-183,2022-12-25 01:18:08,base,all_paragraphs_combined_then_summarized_scaling_by_2_to_5_rewriting,0.23779786234836245,50.05,77.27,automatic,89.59,45.75,38.99,44.02,47.14,51.44,43.71,49.23,33.06,40.35,30.26,66.90,0.3747944436331389,0.2829591624172834,0.322544651106924,0.16271943096998284,0.20933541542091938,0.2289674352008378,0.2072335703686492,0.16057818722658893,0.18266007096537962,0.24973304683880215,0.0,0.0,97.99,78.53,71.92,74.61,76.12,76.28,71.17,77.88,63.99,79.30,67.45,95.10
QUER1-182,2022-12-24 22:58:08,personal,all_paragraphs_combined_then_summarized_scaling_by_2_to_5_rewriting,0.2200277149960653,48.64,75.64,canonical,89.59,45.09,40.39,39.96,50.69,45.77,40.54,45.10,40.20,46.77,37.80,66.90,0.3747944436331389,0.2606632889136955,0.28833129841025884,0.12631159335336373,0.18663723356357445,0.18255056645685486,0.21352835344024035,0.19913804403481972,0.1398780850058924,0.18987958824786708,0.0,0.0,97.99,79.55,72.87,72.04,74.56,71.66,71.53,68.31,65.50,74.99,81.86,95.10
QUER1-181,2022-12-24 20:41:59,personal,all_paragraphs_combined_then_summarized_scaling_by_2_to_5_rewriting,0.2417352394463323,48.34,75.85,automatic,89.59,42.40,42.06,37.00,49.20,48.15,43.44,45.39,35.11,38.49,37.80,66.90,0.3747944436331389,0.2385181142438036,0.33436964366067395,0.1546996467678186,0.26083368963900355,0.2338837584339332,0.23195216711936043,0.1645204660887201,0.18390233648437385,0.2103339468813772,0.0,0.0,97.99,77.07,74.22,72.57,75.97,70.41,74.05,69.33,62.32,75.80,81.86,95.10
QUER1-180,2022-12-24 18:23:29,base,all_paragraphs_combined_then_summarized_long,0.25445326342627,51.47,77.65,canonical,89.59,49.51,42.58,45.82,45.54,50.27,45.21,48.96,35.09,46.77,34.33,43.67,0.3747944436331389,0.28509023929468547,0.3792289814769908,0.20765383478002278,0.189207830639417,0.26535426272484486,0.19892038714869864,0.20210444248693585,0.16748293889317784,0.20908428758042477,0.13947147282556482,0.0,97.99,78.55,72.60,78.68,75.91,76.60,72.85,76.36,62.53,76.14,69.47,83.09
QUER1-179,2022-12-24 16:08:13,base,all_paragraphs_combined_then_summarized_long,0.23779786234836245,50.05,77.27,automatic,89.59,45.75,38.99,44.02,47.14,51.44,43.71,49.23,33.06,40.35,30.26,66.90,0.3747944436331389,0.2829591624172834,0.322544651106924,0.16271943096998284,0.20933541542091938,0.2289674352008378,0.2072335703686492,0.16057818722658893,0.18266007096537962,0.24973304683880215,0.0,0.0,97.99,78.53,71.92,74.61,76.12,76.28,71.17,77.88,63.99,79.30,67.45,95.10
QUER1-178,2022-12-24 13:51:23,personal,all_paragraphs_combined_then_summarized_long,0.2200277149960653,48.64,75.64,canonical,89.59,45.09,40.39,39.96,50.69,45.77,40.54,45.10,40.20,46.77,37.80,66.90,0.3747944436331389,0.2606632889136955,0.28833129841025884,0.12631159335336373,0.18663723356357445,0.18255056645685486,0.21352835344024035,0.19913804403481972,0.1398780850058924,0.18987958824786708,0.0,0.0,97.99,79.55,72.87,72.04,74.56,71.66,71.53,68.31,65.50,74.99,81.86,95.10
QUER1-177,2022-12-24 11:39:26,personal,all_paragraphs_combined_then_summarized_long,0.2417352394463323,48.34,75.85,automatic,89.59,42.40,42.06,37.00,49.20,48.15,43.44,45.39,35.11,38.49,37.80,66.90,0.3747944436331389,0.2385181142438036,0.33436964366067395,0.1546996467678186,0.26083368963900355,0.2338837584339332,0.23195216711936043,0.1645204660887201,0.18390233648437385,0.2103339468813772,0.0,0.0,97.99,77.07,74.22,72.57,75.97,70.41,74.05,69.33,62.32,75.80,81.86,95.10
QUER1-176,2022-12-24 09:26:00,base,all_paragraphs_combined_then_summarized_mid,0.2595795016965629,50.43,77.82,canonical,89.59,48.91,42.56,42.50,45.37,49.97,45.91,47.93,32.62,38.93,34.33,43.67,0.3747944436331389,0.30116657339138597,0.3676291216734461,0.1881719060740545,0.19570197501718947,0.23884726657299674,0.24515913816227586,0.23681055041121254,0.17887480836982356,0.20834129218527409,0.13947147282556482,0.0,97.99,79.61,75.40,76.38,76.11,75.42,74.21,77.03,59.98,74.19,69.47,83.09
QUER1-175,2022-12-24 07:31:32,base,all_paragraphs_combined_then_summarized_mid,0.2419170118141382,50.73,77.97,automatic,89.59,45.66,42.30,45.27,46.76,50.12,43.98,50.40,36.69,38.83,34.33,66.90,0.3747944436331389,0.2587480373794417,0.3086798651721116,0.18996108416139748,0.2153528650559841,0.2359390526635484,0.2138102661078587,0.19165111284017297,0.17956517824839238,0.2539613664428222,0.0,0.0,97.99,77.75,74.33,77.41,76.33,75.94,72.78,78.32,64.69,73.95,69.47,95.10
QUER1-174,2022-12-24 05:33:48,personal,all_paragraphs_combined_then_summarized_mid,0.24286016717650702,49.70,75.98,canonical,89.59,44.27,42.81,40.42,50.34,47.03,45.22,46.59,30.00,47.03,37.35,66.90,0.3747944436331389,0.27209395118821167,0.33334489480879326,0.10794125219889285,0.2413464897811314,0.22551678089271016,0.24483438934443766,0.2240285418973886,0.16434313921771498,0.18896102322789568,0.0,0.0,97.99,79.12,75.69,71.53,73.68,70.92,74.67,71.20,58.96,76.46,74.16,95.10
QUER1-173,2022-12-24 03:38:59,personal,all_paragraphs_combined_then_summarized_mid,0.22372883686384495,47.80,75.08,automatic,89.59,43.23,39.13,38.65,48.78,49.16,41.74,40.94,27.69,39.39,38.42,66.90,0.3747944436331389,0.23698917398860836,0.25879002315634303,0.1341361625032877,0.22084057698952064,0.2683018773986971,0.20820466419585948,0.17649032599226275,0.09625078168978311,0.18948589857039858,0.0,0.0,97.99,77.26,72.00,72.61,76.33,72.14,71.42,66.49,58.63,75.37,80.53,95.10
QUER1-172,2022-12-24 01:39:37,base,all_paragraphs_combined_then_summarized_short,0.2596147940437193,50.62,77.69,canonical,89.59,46.74,41.95,41.45,47.65,49.89,45.56,47.86,36.69,39.74,34.33,43.67,0.3747944436331389,0.30810867278403614,0.3527001542041316,0.1967393807021402,0.2265684276661215,0.23645366257085076,0.2175229719649093,0.20708341460578766,0.19261207097806574,0.28520447841932417,0.13947147282556482,0.0,97.99,77.94,74.17,76.64,75.66,75.39,74.21,75.22,65.63,76.50,69.47,83.09
QUER1-171,2022-12-23 23:47:46,base,all_paragraphs_combined_then_summarized_short,0.2567137565195905,50.56,77.43,automatic,89.59,45.51,41.11,45.67,43.92,52.46,46.37,43.98,40.88,40.39,30.21,66.90,0.3747944436331389,0.28920444541164125,0.3365918473121987,0.2091356527412453,0.19193991020146228,0.26886935210836244,0.27832026719141706,0.15170333709356273,0.20566553695267017,0.2688274874752085,0.0,0.0,97.99,76.93,72.03,78.60,73.52,75.89,74.59,74.36,67.90,80.14,71.52,95.10
QUER1-170,2022-12-23 21:52:03,personal,all_paragraphs_combined_then_summarized_short,0.2419627589131301,48.63,75.81,canonical,89.59,40.16,41.91,38.94,50.86,46.68,44.13,43.19,30.92,47.23,38.42,66.90,0.3747944436331389,0.28281197903533106,0.3396467134540668,0.15762876877171364,0.23160383050710628,0.2335676024013112,0.20553824836592813,0.20557788737566207,0.11700756057001804,0.18948589857039858,0.0,0.0,97.99,77.35,74.87,74.86,75.56,70.16,73.34,67.73,59.73,77.39,80.53,95.10
QUER1-169,2022-12-23 19:56:46,personal,all_paragraphs_combined_then_summarized_short,0.2261950127090619,47.67,75.61,automatic,89.59,40.86,39.14,37.30,49.11,49.02,40.96,40.88,38.33,47.95,38.17,66.90,0.3747944436331389,0.22469559318334703,0.28351413180121876,0.15720575060723957,0.1983078829638724,0.2635858765604506,0.18886698920883438,0.1822940971960998,0.14905275997112835,0.21195421623136687,0.0,0.0,97.99,77.89,72.12,75.45,76.61,71.53,70.92,65.17,64.11,79.52,78.11,95.10
QUER1-168,2022-12-23 17:59:10,base,all_paragraphs_summarized_mid_then_combined,0.2668927937255056,53.22,79.47,canonical,89.59,49.82,43.70,43.61,48.03,52.76,49.66,49.89,40.25,60.38,62.72,66.90,0.3747944436331389,0.28040909219840915,0.34589457035432813,0.16456162242142525,0.2208794730813888,0.239653709674093,0.22880765115646362,0.26776173265633574,0.3105719796359691,0.2814382921295788,0.19342640361727081,0.0,97.99,79.31,74.14,77.58,77.47,76.46,77.06,77.81,67.97,87.41,90.33,95.10
QUER1-167,2022-12-23 16:05:39,base,all_paragraphs_summarized_mid_then_combined,0.23521319039188418,50.54,78.24,automatic,89.59,46.26,39.38,47.36,48.54,49.36,45.45,45.91,36.57,55.66,37.80,66.90,0.3747944436331389,0.23986389907412112,0.2987083845577759,0.1942227022008553,0.22209298293355442,0.1665866599586411,0.21610143347490798,0.21842567882308084,0.16057423893183193,0.30029676481182194,0.0,0.0,97.99,76.40,72.69,78.42,78.16,75.48,74.18,76.95,63.79,85.57,76.01,95.10
QUER1-166,2022-12-23 14:12:02,personal,all_paragraphs_summarized_mid_then_combined,0.23227139261861765,50.17,76.12,canonical,89.59,47.45,42.23,39.59,50.80,50.37,43.59,39.28,28.21,55.30,62.72,66.90,0.3747944436331389,0.27468524522309834,0.27897334970381,0.08444501089352874,0.20242999051602775,0.213544474644857,0.24010812039076182,0.19052881476477104,0.22677740478769018,0.3066587118241996,0.19342640361727081,0.0,97.99,80.35,75.49,72.14,75.33,72.00,74.40,65.53,58.08,85.37,90.33,95.10
QUER1-165,2022-12-23 12:18:42,personal,all_paragraphs_summarized_mid_then_combined,0.19704882639350152,47.53,73.88,automatic,89.59,42.91,42.03,38.40,42.98,47.85,43.21,39.21,32.58,44.15,36.84,66.90,0.3747944436331389,0.19670619418312335,0.2810255413410437,0.12546591755141864,0.16457737576604892,0.15575278947745697,0.161899241431394,0.1300766609612017,0.17828676443446315,0.26239232872434387,0.0,0.0,97.99,76.55,74.14,73.33,71.81,68.01,71.50,63.13,59.30,75.44,72.53,95.10
QUER1-164,2022-12-23 10:25:50,base,all_paragraphs_summarized_short_then_combined,0.25481494527049825,51.44,78.94,canonical,89.59,45.47,41.53,44.64,46.61,55.64,46.67,50.13,34.95,48.64,32.14,39.83,0.3747944436331389,0.27978808887697576,0.29202602400530936,0.21807569021965093,0.23366016782881074,0.2786237564906085,0.24821636795296217,0.18490484841892532,0.15599226876877353,0.25513361971501336,0.0,0.0,97.99,78.09,73.85,77.96,75.33,79.06,78.58,77.86,63.38,82.97,73.18,79.84
QUER1-163,2022-12-23 08:43:07,base,all_paragraphs_summarized_short_then_combined,0.2308865137826309,51.08,77.69,automatic,89.59,45.54,42.66,46.66,46.92,52.42,47.72,44.89,39.02,46.42,28.51,66.90,0.3747944436331389,0.25844462772371984,0.34761515961290834,0.19336045454595674,0.14650211896440818,0.17485776146782428,0.23757193945329122,0.1636178336691721,0.1586874944051308,0.2656548327828869,0.0,0.0,97.99,76.95,74.14,78.91,76.57,74.13,74.89,74.72,63.49,80.55,65.01,95.10
QUER1-162,2022-12-23 07:00:10,personal,all_paragraphs_summarized_short_then_combined,0.22800188858268305,49.17,76.46,canonical,89.59,41.15,44.36,38.21,46.22,49.23,44.71,49.19,36.52,48.51,38.17,66.90,0.3747944436331389,0.2694131972795777,0.30920174033569847,0.13795399676481698,0.1665997856343138,0.20837869873956474,0.2261244714238971,0.18018551494107077,0.17793018951038278,0.23658180603347745,0.0,0.0,97.99,77.02,75.03,72.86,75.07,70.83,75.55,70.28,64.26,82.06,84.30,95.10
QUER1-161,2022-12-23 05:18:39,personal,all_paragraphs_summarized_short_then_combined,0.2220373062228291,48.67,75.24,automatic,89.59,43.16,42.19,38.78,44.47,47.12,46.13,44.79,36.69,50.09,26.14,66.90,0.3747944436331389,0.2432006682371186,0.2830301464089211,0.14823980052530136,0.1970924724701383,0.2008068829153227,0.20501948262196498,0.16660090650313863,0.14965689873109272,0.26531264189962833,0.053407712338838564,0.0,97.99,78.26,72.99,73.35,72.69,70.22,73.24,67.74,62.94,77.40,69.73,95.10
QUER1-160,2022-12-23 03:36:50,base,one_mid_summarized_paragraph,0.2698151492941501,54.16,80.29,canonical,89.59,49.82,42.04,51.47,47.23,50.07,49.50,54.16,40.37,61.08,61.38,66.90,0.3747944436331389,0.28040909219840915,0.35449108566745813,0.19361103420678194,0.21398655856153467,0.24884800178332958,0.23673587916968705,0.2980938676204024,0.17077866107761008,0.3264779845341321,0.36009307028393756,0.0,97.99,79.31,72.86,82.89,77.97,76.39,77.70,79.71,68.53,89.39,85.67,95.10
QUER1-159,2022-12-23 01:44:11,base,one_mid_summarized_paragraph,0.26071971324987037,51.29,77.91,automatic,89.59,46.26,40.27,50.11,49.01,51.59,44.07,44.44,39.03,40.79,38.17,66.90,0.3747944436331389,0.23986389907412112,0.38918595827279945,0.18874171248774552,0.22183612878797976,0.24306464161611974,0.26956597010421673,0.22620575572694035,0.17209516861645852,0.28520447841932417,0.0,0.0,97.99,76.40,73.19,79.66,78.42,75.63,71.76,74.81,65.22,77.25,78.11,95.10
QUER1-158,2022-12-22 23:51:09,personal,one_mid_summarized_paragraph,0.24972613841460323,50.97,77.23,canonical,89.59,47.45,39.62,39.62,53.61,48.44,44.57,42.59,33.01,56.04,62.72,66.90,0.3747944436331389,0.27468524522309834,0.264655253276178,0.13484773476902442,0.2625854997966097,0.23154008144426744,0.2362121992318268,0.2291834337886933,0.2267989383437583,0.33286148806819366,0.19342640361727081,0.0,97.99,80.35,73.06,75.36,79.87,71.23,74.23,68.30,60.85,87.83,90.33,95.10
QUER1-157,2022-12-22 21:58:47,personal,one_mid_summarized_paragraph,0.20349777534961808,48.11,75.05,automatic,89.59,42.91,41.95,38.90,47.50,47.40,41.25,44.31,38.16,46.29,38.17,66.90,0.3747944436331389,0.19670619418312335,0.3098710598363715,0.13218744009672667,0.1783212454371246,0.16415444155637032,0.17130812543601803,0.13904392749697114,0.13613531161467857,0.25382238756692477,0.0,0.0,97.99,76.55,74.47,74.00,76.66,67.51,69.97,66.47,60.45,80.71,84.30,95.10
QUER1-156,2022-12-22 20:07:19,base,one_short_summarized_paragraph,0.2712289760571643,51.98,79.30,canonical,89.59,45.47,43.99,43.14,47.52,55.19,45.62,49.30,40.40,55.20,56.41,66.90,0.3747944436331389,0.27978808887697576,0.30298241183739966,0.18146901081236969,0.2569653334001495,0.3043808789051748,0.27087762881521765,0.2123926660071734,0.20587132646913714,0.33766837799915456,0.40876468265396726,0.0,97.99,78.09,73.19,78.89,77.24,79.74,76.14,77.18,64.97,87.83,82.14,95.10
QUER1-155,2022-12-22 18:25:28,base,one_short_summarized_paragraph,0.27832516916741923,51.61,78.88,automatic,89.59,45.54,43.77,45.58,47.10,54.50,48.05,48.87,36.79,40.96,28.51,66.90,0.3747944436331389,0.25844462772371984,0.34578900614529007,0.20930640575338974,0.1898551811518706,0.3242446938677645,0.28319650097788496,0.2305346257146297,0.31213078445963627,0.26126532491596405,0.5,0.0,97.99,76.95,73.92,77.61,75.95,78.85,77.55,78.39,63.83,80.12,72.92,95.10
QUER1-154,2022-12-22 16:43:37,personal,one_short_summarized_paragraph,0.2568648959132527,50.85,77.52,canonical,89.59,41.15,45.17,41.10,52.38,52.93,44.60,45.25,42.98,58.14,43.11,66.90,0.3747944436331389,0.2694131972795777,0.27928326997006625,0.13689882208339368,0.2266399985517527,0.3003583884514536,0.21592966095420887,0.2510815296291193,0.27502834026045814,0.3437971091717784,0.13947147282556482,0.0,97.99,77.02,75.71,75.99,78.29,74.11,75.97,66.09,65.44,89.23,82.96,95.10
QUER1-153,2022-12-22 15:04:42,personal,one_short_summarized_paragraph,0.2423001426826078,48.64,76.70,automatic,89.59,43.16,42.00,39.89,45.61,50.35,42.83,40.72,33.43,47.39,38.17,66.90,0.3747944436331389,0.2432006682371186,0.32191225966293074,0.171188862416549,0.19944094122929312,0.25980566326102184,0.2269754373243563,0.2115891396995939,0.16946881051452117,0.2135333640201965,0.0,0.0,97.99,78.26,75.11,75.25,76.01,73.58,74.05,67.30,63.03,78.91,84.30,95.10
QUER1-152,2022-12-22 08:42:04,base,all_rewritten_queries_all_cosine_similar_sentences,0.26787333139874314,52.47,79.28,canonical,89.59,50.90,42.31,46.30,43.72,52.90,49.88,50.62,39.77,51.50,26.14,66.90,0.3747944436331389,0.25088440284842967,0.34566725968140793,0.23055841138587155,0.24385891007752825,0.23885475299957956,0.22686516428747794,0.1738549834102675,0.3427788457861556,0.28838227756412893,0.4434264036172708,0.0,97.99,79.62,73.16,81.31,74.09,76.81,77.71,76.74,69.91,81.55,81.37,95.10
QUER1-151,2022-12-22 07:06:21,base,all_rewritten_queries_all_cosine_similar_sentences,0.24217630846008376,50.90,77.40,automatic,89.59,46.76,42.11,45.50,46.28,50.51,47.37,44.57,35.38,47.59,35.17,66.90,0.3747944436331389,0.2603784214469419,0.3394485206479895,0.21137888719528639,0.17261032858187114,0.18703059243543727,0.24595138501065916,0.21251996554028676,0.105934854686818,0.2830164027529715,0.16666666666666674,0.0,97.99,78.42,74.50,76.11,75.29,74.96,75.46,73.54,62.13,80.27,67.40,95.10
QUER1-150,2022-12-22 05:30:43,personal,all_rewritten_queries_all_cosine_similar_sentences,0.22292161526739154,48.25,76.35,canonical,89.59,43.15,42.76,38.70,46.05,45.10,41.87,45.89,37.41,48.23,38.87,66.90,0.3747944436331389,0.20165623448025194,0.32297093177799674,0.17328370090575732,0.184312318275065,0.21089322847530703,0.15822054598908156,0.16586372845639438,0.2073043238532195,0.27583602418444997,0.13947147282556482,0.0,97.99,79.70,75.09,73.46,75.33,70.02,70.85,70.02,63.97,85.08,82.96,95.10
QUER1-149,2022-12-22 03:56:09,personal,all_rewritten_queries_all_cosine_similar_sentences,0.2263767882388184,48.60,76.05,automatic,89.59,42.65,42.87,39.52,46.72,47.65,45.04,44.03,34.76,46.06,38.17,66.90,0.3747944436331389,0.20201933394630353,0.3388745612327838,0.1510548720787719,0.18557429778388865,0.19041162595007904,0.2284873331664283,0.18252260545395932,0.19463397535346175,0.23060413740743982,0.0,0.0,97.99,78.30,74.91,72.13,76.58,68.59,74.36,68.92,63.73,79.06,84.30,95.10
QUER1-148,2022-12-22 02:21:35,base,all_rewritten_queries_one_cosine_sentence,0.2613348046044019,52.59,79.52,canonical,89.59,50.90,43.66,44.38,43.71,52.52,50.80,52.13,39.37,47.52,30.92,43.67,0.3747944436331389,0.25088440284842967,0.3153665449636624,0.18658855572372432,0.24772303614760985,0.2673544682003543,0.25951851138382137,0.18177497285628022,0.2782742661078824,0.3305737270440934,0.19342640361727081,0.0,97.99,79.62,74.91,78.19,74.96,77.17,79.59,78.29,67.04,84.92,73.91,83.09
QUER1-147,2022-12-22 00:46:23,base,all_rewritten_queries_one_cosine_sentence,0.2683382489936322,51.17,78.40,automatic,89.59,46.76,40.43,45.81,46.73,53.54,47.05,45.49,35.55,41.19,35.59,66.90,0.3747944436331389,0.2603784214469419,0.36084316062055805,0.1854744588268299,0.24187586146583784,0.30362159634341646,0.25219600970548,0.23517670214969427,0.18389787167543314,0.2867988045378944,0.0,0.0,97.99,78.42,74.17,78.38,76.25,77.85,74.23,74.34,65.19,80.14,69.16,95.10
QUER1-146,2022-12-21 23:11:20,personal,all_rewritten_queries_one_cosine_sentence,0.24082025056523845,49.30,77.85,canonical,89.59,43.15,45.76,40.86,46.68,48.17,44.51,46.39,35.52,48.41,38.42,66.90,0.3747944436331389,0.20165623448025194,0.32845525858826,0.19030139967607276,0.22216569779048245,0.2719829352917149,0.2013681700903387,0.1820663246570522,0.1789456709700797,0.2759204918782334,0.0,0.0,97.99,79.70,76.76,76.96,76.70,72.49,75.97,70.07,62.87,85.69,80.53,95.10
QUER1-145,2022-12-21 21:37:09,personal,all_rewritten_queries_one_cosine_sentence,0.24848183551067068,48.78,76.51,automatic,89.59,42.65,43.19,40.30,46.58,48.50,45.00,44.12,35.44,47.74,38.42,66.90,0.3747944436331389,0.20201933394630353,0.3397677512849057,0.18926654559394301,0.22329174907969096,0.2845414201658761,0.24076233342895184,0.1920515662173549,0.1789456709700797,0.25619303482183237,0.0,0.0,97.99,78.30,74.77,74.24,75.42,71.99,75.32,68.10,62.63,80.34,80.53,95.10
QUER1-144,2022-12-21 20:03:17,base,all_rewritten_queries_all_similar_sentences,0.24321995424108991,51.86,78.76,canonical,89.59,51.62,39.39,43.17,49.17,51.66,49.26,52.33,36.01,39.73,30.21,66.90,0.3747944436331389,0.27313481211883583,0.2776654918831398,0.17433163126295376,0.21005105942631086,0.2815223856109869,0.2380048601368787,0.1633816819606573,0.17643712945445644,0.20774216977563023,0.0,0.0,97.99,81.09,72.73,78.35,77.58,77.84,75.41,77.26,62.53,74.67,72.19,95.10
QUER1-143,2022-12-21 18:28:36,base,all_rewritten_queries_all_similar_sentences,0.25653459271153606,52.05,78.63,automatic,89.59,49.74,42.95,45.05,48.79,53.43,45.00,47.76,44.36,42.30,30.21,66.90,0.3747944436331389,0.28232528594174305,0.3033204855387262,0.18141904673921605,0.24383104824526305,0.2250564059083682,0.26040043114688055,0.15048990795845535,0.2850408244680574,0.28866792637311245,0.5,0.0,97.99,80.14,74.27,75.73,77.63,77.16,73.69,77.42,69.13,76.18,71.52,95.10
QUER1-142,2022-12-21 16:53:46,personal,all_rewritten_queries_all_similar_sentences,0.2341747209258822,48.99,77.02,canonical,89.59,44.45,41.99,37.17,47.81,48.52,42.43,48.92,34.15,47.76,39.40,66.90,0.3747944436331389,0.19564006201632295,0.3098063555519434,0.14563658846200253,0.22430787559239998,0.24059154333387434,0.20967203667701798,0.23785179624329308,0.19105342162252353,0.18948589857039858,0.0,0.0,97.99,79.76,74.86,75.80,77.43,71.68,73.52,71.04,58.97,78.29,79.72,95.10
QUER1-141,2022-12-21 15:19:34,personal,all_rewritten_queries_all_similar_sentences,0.2453926603494852,48.58,76.24,automatic,89.59,44.04,42.87,39.96,46.59,48.88,42.59,38.28,34.33,48.48,38.17,66.90,0.3747944436331389,0.20483053583923017,0.3388745612327838,0.13155626061052103,0.2469197040652792,0.2711660200326502,0.25514860737265077,0.1903288763144759,0.1749469208288394,0.2901675726663799,0.0,0.0,97.99,78.45,74.91,73.79,75.15,72.50,74.54,67.85,58.15,80.79,84.30,95.10
QUER1-140,2022-12-21 13:45:25,base,all_rewritten_queries_one_similar_sentence,0.2527785947740406,52.19,79.02,canonical,89.59,51.62,40.91,44.17,47.86,53.71,47.85,48.06,39.37,41.15,30.26,66.90,0.3747944436331389,0.27313481211883583,0.315091448104879,0.15433163126295374,0.2222103697474037,0.25854600763678626,0.25448508038197115,0.18493566267221306,0.27504393234094715,0.2867988045378944,0.0,0.0,97.99,81.09,74.77,77.45,77.04,77.75,74.97,76.43,67.04,77.02,68.21,95.10
QUER1-139,2022-12-21 12:10:52,base,all_rewritten_queries_one_similar_sentence,0.25070223237568207,51.67,78.77,automatic,89.59,49.74,41.57,44.94,48.14,54.34,45.52,46.81,42.21,41.19,30.26,66.90,0.3747944436331389,0.28232528594174305,0.31598463815700084,0.16214384205635787,0.18270990771136028,0.27458518414121125,0.24507979708798833,0.18157640816918014,0.2740710715065985,0.2867988045378944,0.0,0.0,97.99,80.14,75.05,77.75,77.58,77.48,73.51,75.70,68.09,80.14,62.36,95.10
QUER1-138,2022-12-21 10:36:34,personal,all_rewritten_queries_one_similar_sentence,0.2414179128599024,50.09,77.53,canonical,89.59,44.45,45.53,41.65,47.45,50.30,44.84,49.25,29.65,48.11,38.42,66.90,0.3747944436331389,0.19564006201632295,0.3245608351962521,0.17914185205605257,0.23983740165067421,0.24797808338658092,0.22722861298808705,0.20479359738432493,0.1745632958861946,0.23214556937203445,0.0,0.0,97.99,79.76,76.22,76.23,76.67,73.01,76.18,70.63,59.38,79.80,80.53,95.10
QUER1-137,2022-12-21 09:06:16,personal,all_rewritten_queries_one_similar_sentence,0.25493186924828487,48.83,76.27,automatic,89.59,44.04,43.19,40.11,45.55,48.90,44.24,40.22,40.87,47.74,32.14,66.90,0.3747944436331389,0.20483053583923017,0.3397677512849057,0.18110773279989853,0.2598913163861814,0.2869344573508169,0.2405389598055793,0.1856146693193774,0.14885118559840632,0.25619303482183237,0.5,0.0,97.99,78.45,74.77,72.94,75.18,72.51,75.34,65.63,65.23,80.34,84.56,95.10
QUER1-132,2022-12-21 02:14:39,base,all_raw_queries_all_cosine_similar_sentences,0.26484617512788694,53.45,80.12,canonical,89.59,50.90,45.45,46.62,46.35,55.46,48.11,52.78,41.51,50.99,34.33,66.90,0.3747944436331389,0.25088440284842967,0.33401842197259074,0.2185685392057941,0.20269881725159813,0.2754748717962265,0.24965282292794977,0.18216553576461542,0.3771584618111773,0.26570261610860085,0.0,0.0,97.99,79.62,74.50,82.72,76.96,78.09,77.23,80.02,66.56,80.52,76.11,95.10
QUER1-131,2022-12-21 00:52:03,base,all_raw_queries_all_cosine_similar_sentences,0.2639315329899783,51.86,78.64,automatic,89.59,46.76,41.26,47.06,46.17,51.48,48.97,52.42,36.56,39.46,26.84,66.90,0.3747944436331389,0.2603784214469419,0.3306062384740347,0.22126825380456436,0.2481043775170781,0.2245832509869421,0.24675871189239618,0.24906303924446568,0.21361326898352004,0.22452968117756633,0.31546487678572865,0.0,97.99,78.42,74.65,79.09,75.94,76.97,75.92,79.40,63.33,74.34,69.83,95.10
QUER1-130,2022-12-20 23:29:30,personal,all_raw_queries_all_cosine_similar_sentences,0.23757376205508174,49.34,77.44,canonical,89.59,43.15,42.76,38.58,45.98,48.03,44.03,50.52,44.36,48.23,38.17,66.90,0.3747944436331389,0.20165623448025194,0.32297093177799674,0.16053167607616164,0.1740502560300501,0.2691117667903697,0.21792450079695916,0.18416043196004617,0.28013162168437117,0.27583602418444997,0.0,0.0,97.99,79.70,75.09,73.96,77.13,72.76,71.41,71.22,70.17,85.08,84.30,95.10
QUER1-129,2022-12-20 22:07:42,personal,all_raw_queries_all_cosine_similar_sentences,0.2217020706326478,48.27,76.34,automatic,89.59,42.65,43.00,37.42,46.52,47.34,44.71,44.00,39.85,45.78,37.80,66.90,0.3747944436331389,0.20201933394630353,0.3388745612327838,0.1402818679858863,0.14949117458511066,0.21542954202230685,0.21125659301197533,0.18487084433592588,0.18813388607190631,0.22445308385280724,0.0,0.0,97.99,78.30,75.04,71.85,77.89,70.94,73.89,70.03,62.54,75.53,81.86,95.10
QUER1-128,2022-12-20 20:46:00,base,all_raw_queries_one_cosine_sentence,0.2738239464977036,53.74,80.27,canonical,89.59,50.90,46.81,47.52,47.27,56.34,47.37,52.87,46.46,47.27,32.14,66.90,0.3747944436331389,0.25088440284842967,0.3162597350157843,0.22352717704783323,0.2595277259403501,0.2836481851162651,0.24330903626888642,0.20297929541338613,0.32039729921036525,0.3201660569679232,0.5,0.0,97.99,79.62,75.85,80.78,75.52,79.71,75.21,80.35,68.32,85.17,84.56,95.10
QUER1-127,2022-12-20 19:23:43,base,all_raw_queries_one_cosine_sentence,0.27553464959798074,52.46,79.37,automatic,89.59,46.76,41.00,48.79,47.53,57.15,46.88,50.69,39.53,41.20,32.14,66.90,0.3747944436331389,0.2603784214469419,0.32173635067267997,0.2306795155091595,0.27296828546950636,0.29043598237805374,0.24140382377835187,0.248316012436871,0.16887530929425149,0.29921036636545617,0.5,0.0,97.99,78.42,74.45,79.74,76.08,79.00,74.93,78.37,65.87,80.88,84.56,95.10
QUER1-126,2022-12-20 18:01:30,personal,all_raw_queries_one_cosine_sentence,0.24418812021530106,50.27,78.41,canonical,89.59,43.15,46.43,40.35,45.42,51.87,45.42,49.61,42.18,48.35,38.42,66.90,0.3747944436331389,0.20165623448025194,0.3245608351962521,0.19566638335751207,0.1615741085093816,0.3223178472907435,0.23357703825612086,0.15925386201461045,0.26023462125076924,0.2531012599745015,0.0,0.0,97.99,79.70,77.08,76.72,76.82,74.70,75.18,71.08,67.93,86.70,80.53,95.10
QUER1-125,2022-12-20 16:40:15,personal,all_raw_queries_one_cosine_sentence,0.2345576222570246,49.31,77.27,automatic,89.59,42.65,45.51,40.50,46.09,49.69,45.88,43.77,38.41,48.45,38.42,66.90,0.3747944436331389,0.20201933394630353,0.3509254691109509,0.1592145369374468,0.20007178114112673,0.24433969211001205,0.23134706017690387,0.16869557530432946,0.1590486705364778,0.25436602987285584,0.0,0.0,97.99,78.30,76.19,73.67,76.48,72.91,75.06,70.47,64.31,85.43,80.53,95.10
QUER1-124,2022-12-20 12:46:31,base,all_raw_queries_all_similar_sentences,0.26787694952578683,53.10,79.70,canonical,89.59,51.62,42.13,45.25,51.36,55.26,46.42,54.36,41.45,39.62,36.84,66.90,0.3747944436331389,0.27313481211883583,0.274879951350403,0.19881726096442118,0.2766398688120642,0.29237487091422926,0.2401445898562692,0.22799559395100547,0.21700028421599912,0.2025563798394495,0.5,0.0,97.99,81.09,74.03,79.83,78.63,79.14,74.23,79.06,65.01,75.64,88.71,95.10
QUER1-123,2022-12-20 11:21:24,base,all_raw_queries_all_similar_sentences,0.26540058913094683,52.41,79.02,automatic,89.59,49.74,41.33,48.16,47.42,49.46,47.12,48.91,38.12,40.41,32.32,66.90,0.3747944436331389,0.28232528594174305,0.3183034382098575,0.21143180921341465,0.2222313009375165,0.26004037097340077,0.24456279843813555,0.23453170821689548,0.3233975660913251,0.22253010422625566,0.0,0.0,97.99,80.14,74.53,79.73,77.85,75.48,75.33,77.59,65.33,80.15,64.23,95.10
QUER1-122,2022-12-20 09:58:34,personal,all_raw_queries_all_similar_sentences,0.23116478643285523,49.40,77.25,canonical,89.59,44.45,42.01,39.95,47.06,46.84,42.67,50.54,44.70,47.76,38.42,66.90,0.3747944436331389,0.19564006201632295,0.30898026419455393,0.1539186145284594,0.17779912916042032,0.26873617991540044,0.19792661079644958,0.18731886931657968,0.28076647243999914,0.20932633746830254,0.0,0.0,97.99,79.76,75.06,75.35,77.58,71.09,72.37,71.88,65.77,79.32,80.53,95.10
QUER1-121,2022-12-20 08:36:39,personal,all_raw_queries_all_similar_sentences,0.22700053173262344,49.07,76.92,automatic,89.59,44.04,43.09,40.03,44.98,53.47,42.11,43.29,40.82,47.32,38.17,66.90,0.3747944436331389,0.20483053583923017,0.3354416487699614,0.1479026169608303,0.16714041521999456,0.2765963682097724,0.21684793415640555,0.1402616381140007,0.15394567097007972,0.25581682841015746,0.0,0.0,97.99,78.45,75.09,73.55,75.08,76.26,72.89,68.45,67.27,79.19,84.30,95.10
QUER1-120,2022-12-20 07:14:54,base,all_raw_queries_one_similar_sentence,0.275493777461855,53.43,80.36,canonical,89.59,51.62,44.24,46.73,51.11,55.32,46.99,52.66,40.80,41.50,32.14,66.90,0.3747944436331389,0.27313481211883583,0.32173635067267997,0.2176500914541806,0.2715689257669094,0.2640477208863629,0.24363380185756886,0.21191391506033266,0.32656831357786736,0.27639113446172425,0.5,0.0,97.99,81.09,75.53,80.70,78.78,79.11,74.94,79.60,65.53,81.11,84.56,95.10
QUER1-119,2022-12-20 05:52:21,base,all_raw_queries_one_similar_sentence,0.2741947550420051,52.62,79.63,automatic,89.59,49.74,41.38,48.08,47.79,56.32,46.94,49.54,38.91,41.30,32.14,66.90,0.3747944436331389,0.28232528594174305,0.3183034382098575,0.2116293196835371,0.23214632101177926,0.26797172991225976,0.24390083363544215,0.23864573727535446,0.3018652850849991,0.32072075851780096,0.5,0.0,97.99,80.14,74.23,80.81,76.84,78.83,75.10,77.57,65.33,80.31,84.56,95.10
QUER1-118,2022-12-20 04:29:58,personal,all_raw_queries_one_similar_sentence,0.24504341097923812,50.97,78.46,canonical,89.59,44.45,44.84,42.32,46.53,51.90,46.52,51.53,42.03,48.01,38.42,66.90,0.3747944436331389,0.19564006201632295,0.32103117207272097,0.17696944337963363,0.2118124295017742,0.2948846621322603,0.24746592714500978,0.18793248717694944,0.22214164589362353,0.20932633746830254,0.0,0.0,97.99,79.76,76.62,77.52,76.99,74.43,75.58,73.50,65.51,80.81,80.53,95.10
QUER1-117,2022-12-20 03:08:29,personal,all_raw_queries_one_similar_sentence,0.24762472313336195,50.00,77.58,automatic,89.59,44.04,43.41,42.67,46.03,53.62,45.45,43.74,38.41,48.45,38.42,66.90,0.3747944436331389,0.20483053583923017,0.3363348388220833,0.1911791442808832,0.2360277068363298,0.31475738958384925,0.2259833014239391,0.159025300142813,0.1590486705364778,0.25436602987285584,0.0,0.0,97.99,78.45,74.96,76.70,75.91,74.79,75.00,69.95,64.31,85.43,80.53,95.10
